{"cameraMode":{"drawMode":0,"name":"Shaded","section":"Shading Mode"},"sceneLighting":false,"audioPlay":false,"sceneViewState":{"showFog":true,"showMaterialUpdate":false,"showSkybox":false,"showFlares":true,"showImageEffects":true,"showParticleSystems":true,"showVisualEffectGraphs":true,"m_FxEnabled":true},"in2DMode":false,"pivot":{"x":-0.00016486644744873047,"y":1.8025484085083008,"z":0.00030672550201416016},"rotation":{"x":0.16456066071987153,"y":-0.10129652172327042,"z":0.01703968457877636,"w":0.981026291847229},"size":1.6130598783493043,"orthographic":true}