{"cameraMode":{"drawMode":0,"name":"Shaded","section":"Shading Mode"},"sceneLighting":false,"audioPlay":false,"sceneViewState":{"showFog":true,"showMaterialUpdate":false,"showSkybox":false,"showFlares":true,"showImageEffects":true,"showParticleSystems":true,"showVisualEffectGraphs":true,"m_FxEnabled":true},"in2DMode":false,"pivot":{"x":-4.234615325927734,"y":2.4200000762939455,"z":-21.918960571289064},"rotation":{"x":0.15921497344970704,"y":0.005923451390117407,"z":-0.0009553070995025337,"w":0.9872268438339233},"size":2.471682071685791,"orthographic":false}