{"cameraMode":{"drawMode":0,"name":"Shaded","section":"Shading Mode"},"sceneLighting":false,"audioPlay":false,"sceneViewState":{"showFog":true,"showMaterialUpdate":false,"showSkybox":false,"showFlares":true,"showImageEffects":true,"showParticleSystems":true,"showVisualEffectGraphs":true,"m_FxEnabled":true},"in2DMode":false,"pivot":{"x":-0.0009658336639404297,"y":1.6589317321777344,"z":3.2174344062805177},"rotation":{"x":0.15921497344970704,"y":0.005923451390117407,"z":-0.0009553070995025337,"w":0.9872268438339233},"size":0.6304701566696167,"orthographic":false}