{"cameraMode":{"drawMode":0,"name":"Shaded","section":"Shading Mode"},"sceneLighting":false,"audioPlay":false,"sceneViewState":{"showFog":true,"showMaterialUpdate":false,"showSkybox":false,"showFlares":true,"showImageEffects":true,"showParticleSystems":true,"showVisualEffectGraphs":true,"m_FxEnabled":true},"in2DMode":false,"pivot":{"x":3.685556411743164,"y":-3.8566579818725588,"z":32.66500473022461},"rotation":{"x":-0.0007888189284130931,"y":0.9975358247756958,"z":0.06924248486757279,"w":0.011368796229362488},"size":12.547682762145996,"orthographic":false}