{"cameraMode":{"drawMode":0,"name":"Shaded","section":"Shading Mode"},"sceneLighting":false,"audioPlay":false,"sceneViewState":{"showFog":false,"showMaterialUpdate":false,"showSkybox":false,"showFlares":false,"showImageEffects":false,"showParticleSystems":false,"showVisualEffectGraphs":true,"m_FxEnabled":true},"in2DMode":false,"pivot":{"x":-0.0015807151794433594,"y":0.6783396005630493,"z":-0.22735436260700227},"rotation":{"x":-0.02177289128303528,"y":0.7996556758880615,"z":-0.02904759906232357,"w":-0.5993642210960388},"size":1.605007529258728,"orthographic":false}