{"cameraMode":{"drawMode":0,"name":"Shaded","section":"Shading Mode"},"sceneLighting":false,"audioPlay":false,"sceneViewState":{"showFog":true,"showMaterialUpdate":false,"showSkybox":false,"showFlares":true,"showImageEffects":true,"showParticleSystems":true,"showVisualEffectGraphs":true,"m_FxEnabled":true},"in2DMode":false,"pivot":{"x":11.517841339111329,"y":-0.4001200199127197,"z":-0.2707552909851074},"rotation":{"x":0.15921497344970704,"y":0.005923451390117407,"z":-0.0009553070995025337,"w":0.9872268438339233},"size":12.775229454040528,"orthographic":false}