{"cameraMode":{"drawMode":0,"name":"Shaded","section":"Shading Mode"},"sceneLighting":false,"audioPlay":false,"sceneViewState":{"showFog":true,"showMaterialUpdate":false,"showSkybox":false,"showFlares":true,"showImageEffects":true,"showParticleSystems":true,"showVisualEffectGraphs":true,"m_FxEnabled":true},"in2DMode":false,"pivot":{"x":-1.0960845947265626,"y":0.7943251132965088,"z":62.78963088989258},"rotation":{"x":-0.040782418102025989,"y":-0.44634902477264407,"z":-0.02036868967115879,"w":0.8936979174613953},"size":12.483205795288086,"orthographic":false}