{"cameraMode":{"drawMode":0,"name":"Shaded","section":"Shading Mode"},"sceneLighting":false,"audioPlay":false,"sceneViewState":{"showFog":true,"showMaterialUpdate":false,"showSkybox":false,"showFlares":true,"showImageEffects":true,"showParticleSystems":true,"showVisualEffectGraphs":true,"m_FxEnabled":true},"in2DMode":false,"pivot":{"x":11.130786895751954,"y":2.3708090782165529,"z":28.467390060424806},"rotation":{"x":-0.033297985792160037,"y":-0.13273170590400697,"z":-0.004461959470063448,"w":0.9905845522880554},"size":2.700024366378784,"orthographic":false}