{"cameraMode":{"drawMode":0,"name":"Shaded","section":"Shading Mode"},"sceneLighting":false,"audioPlay":false,"sceneViewState":{"showFog":true,"showMaterialUpdate":false,"showSkybox":false,"showFlares":true,"showImageEffects":true,"showParticleSystems":true,"showVisualEffectGraphs":true,"m_FxEnabled":true},"in2DMode":false,"pivot":{"x":9.220736503601075,"y":0.5563042759895325,"z":-0.5687117576599121},"rotation":{"x":0.08534055948257446,"y":0.035860784351825717,"z":-0.0030735821928828956,"w":0.9957016706466675},"size":9.33349323272705,"orthographic":false}