{"cameraMode":{"drawMode":0,"name":"Shaded","section":"Shading Mode"},"sceneLighting":false,"audioPlay":false,"sceneViewState":{"showFog":true,"showMaterialUpdate":false,"showSkybox":false,"showFlares":true,"showImageEffects":true,"showParticleSystems":true,"showVisualEffectGraphs":true,"m_FxEnabled":true},"in2DMode":false,"pivot":{"x":6.467316627502441,"y":2.531536102294922,"z":-3.4721946716308595},"rotation":{"x":0.009254124015569687,"y":0.9755426049232483,"z":-0.2155909389257431,"w":0.041874516755342486},"size":11.940903663635254,"orthographic":false}