{"cameraMode":{"drawMode":0,"name":"Shaded","section":"Shading Mode"},"sceneLighting":false,"audioPlay":false,"sceneViewState":{"showFog":true,"showMaterialUpdate":false,"showSkybox":false,"showFlares":true,"showImageEffects":true,"showParticleSystems":true,"showVisualEffectGraphs":true,"m_FxEnabled":true},"in2DMode":false,"pivot":{"x":0.8229990601539612,"y":1.6136364936828614,"z":0.1755237579345703},"rotation":{"x":-0.0007888189284130931,"y":0.9975358247756958,"z":0.06924248486757279,"w":0.011368796229362488},"size":4.850527763366699,"orthographic":false}