{"cameraMode":{"drawMode":0,"name":"Shaded","section":"Shading Mode"},"sceneLighting":false,"audioPlay":false,"sceneViewState":{"showFog":true,"showMaterialUpdate":false,"showSkybox":false,"showFlares":true,"showImageEffects":true,"showParticleSystems":true,"showVisualEffectGraphs":true,"m_FxEnabled":true},"in2DMode":false,"pivot":{"x":-22.436315536499025,"y":0.8121967315673828,"z":8.048121452331543},"rotation":{"x":0.18136824667453767,"y":0.014750664122402668,"z":-0.002720725256949663,"w":0.9833020567893982},"size":12.12435531616211,"orthographic":false}