{"cameraMode":{"drawMode":0,"name":"Shaded","section":"Shading Mode"},"sceneLighting":false,"audioPlay":false,"sceneViewState":{"showFog":true,"showMaterialUpdate":false,"showSkybox":false,"showFlares":true,"showImageEffects":true,"showParticleSystems":true,"showVisualEffectGraphs":true,"m_FxEnabled":true},"in2DMode":false,"pivot":{"x":7.037406921386719,"y":2.407682418823242,"z":18.748554229736329},"rotation":{"x":-0.0007888189284130931,"y":0.9975358247756958,"z":0.06924248486757279,"w":0.011368796229362488},"size":2.4958441257476808,"orthographic":false}