{"cameraMode":{"drawMode":0,"name":"Shaded","section":"Shading Mode"},"sceneLighting":false,"audioPlay":false,"sceneViewState":{"showFog":true,"showMaterialUpdate":false,"showSkybox":false,"showFlares":true,"showImageEffects":true,"showParticleSystems":true,"showVisualEffectGraphs":true,"m_FxEnabled":true},"in2DMode":false,"pivot":{"x":21.503942489624025,"y":3.086348056793213,"z":4.961365222930908},"rotation":{"x":-0.040782418102025989,"y":-0.44634902477264407,"z":-0.02036868967115879,"w":0.8936979174613953},"size":1.7320507764816285,"orthographic":false}