{"cameraMode":{"drawMode":0,"name":"Shaded","section":"Shading Mode"},"sceneLighting":false,"audioPlay":false,"sceneViewState":{"showFog":true,"showMaterialUpdate":false,"showSkybox":false,"showFlares":true,"showImageEffects":true,"showParticleSystems":true,"showVisualEffectGraphs":true,"m_FxEnabled":true},"in2DMode":false,"pivot":{"x":-5.032614707946777,"y":0.43399953842163088,"z":9.379508972167969},"rotation":{"x":-0.040782418102025989,"y":-0.44634902477264407,"z":-0.02036868967115879,"w":0.8936979174613953},"size":16.200841903686525,"orthographic":false}